"","SDD","Stratum","Total.pts","Observed.pts","Area.HA","Prop.dsgn.pts.obsrvd","Sampled.area.HA","Weight"
"Basin_Sagebrush_Cool_Moist","BFO_2015-2019_SDD_122116.gdb","Basin_Sagebrush_Cool_Moist",13,5,7500,0.384615384615385,2884.61538461538,576.923076923077
"Big_Sagebrush_Cool_Moist","BFO_2015-2019_SDD_122116.gdb","Big_Sagebrush_Cool_Moist",29,6,62300,0.206896551724138,12889.6551724138,2148.27586206897
"Big_Sagebrush_Warm_Dry","BFO_2015-2019_SDD_122116.gdb","Big_Sagebrush_Warm_Dry",54,2,164500,0.037037037037037,6092.59259259259,3046.2962962963
"Black_Sagebrush","BFO_2015-2019_SDD_122116.gdb","Black_Sagebrush",15,5,17200,0.333333333333333,5733.33333333333,1146.66666666667
"Low_Sagebrush_Cool_Moist","BFO_2015-2019_SDD_122116.gdb","Low_Sagebrush_Cool_Moist",65,9,204100,0.138461538461538,28260,3140
"Low_Sagebrush_Warm_Dry","BFO_2015-2019_SDD_122116.gdb","Low_Sagebrush_Warm_Dry",15,3,10300,0.2,2060,686.666666666667
"Meadow_Dry","BFO_2015-2019_SDD_122116.gdb","Meadow_Dry",11,2,600,0.181818181818182,109.090909090909,54.5454545454545
"Salt_Desert_Mix","BFO_2015-2019_SDD_122116.gdb","Salt_Desert_Mix",33,1,86000,0.0303030303030303,2606.06060606061,2606.06060606061
"Unknown_&_Aspen","BFO_2015-2019_SDD_122116.gdb","Unknown_&_Aspen",11,0,36800,0,0,0
